Sampling Location,Sample Date,Top Sample Temperature (ºC),Winkler Method Top Dissolved Oxygen (mg/L),Top Salinity  (psu),Top PH,Secchi Depth (ft),Top Active Chlorophyll 'A' (µg/L),Total Phosphorus(mg/L),Top Ammonium (mg/L),Top Total Kjeldhal Nitrogen (mg/L),Top Nitrate/Nitrite (mg/L)
J7,1995-06-14,20.32,9.25,26.81,7.99,3.0,107.1,0.34,0.62,,0.2
J7,1995-06-21,22.39,5.13,26.92,7.99,3.0,59.2,0.49,1.6,,0.12
J7,1995-07-13,24.89,13.03,26.24,8.25,2.0,114.7,0.38,0.55,,0.36
J7,1995-07-27,,4.2,,7.66,2.5,31.2,0.55,0.72,,0.24
J7,1995-08-22,25.19,6.25,28.11,7.59,3.0,54.5,0.59,2.6,,0.18
J7,1995-08-29,23.82,5.97,27.58,7.83,6.0,7.7,0.38,0.99,,0.27
J7,1995-09-07,25.01,8.18,26.48,,3.5,67.8,0.39,0.79,,0.41
J7,1995-09-20,21.47,8.8,25.83,,4.0,56.0,0.62,0.016,,0.005
J7,1996-06-06,21.3,8.01,22.5,6.66,6.5,35.3,0.242,1.28,2.47,0.282
J7,1996-06-26,22.57,7.86,24.16,7.79,3.0,69.3,0.43,1.54,3.04,0.207
J7,1996-07-10,23.8,5.5,24.82,7.21,6.5,27.8,0.389,1.17,2.24,0.33
J7,1996-07-22,23.12,5.6,23.19,7.41,3.0,36.1,0.428,2.05,2.59,0.301
J7,1996-08-05,24.6,8.36,23.39,7.74,3.0,76.9,0.32,1.08,2.34,0.415
J7,1996-08-20,25.49,11.58,22.71,8.14,2.0,107.1,0.396,1.23,1.79,0.276
J7,1996-08-28,25.16,6.63,24.44,7.7,2.5,46.8,0.596,4.64,6.68,0.15
J7,1996-09-09,26.26,4.96,20.69,,2.0,36.6,0.584,2.37,3.79,0.223
J7,1996-09-16,23.0,6.17,26.3,7.49,4.0,48.8,0.37,1.13,2.14,0.267
J7,1996-09-24,19.96,7.18,23.12,7.46,3.0,32.9,0.384,1.94,3.82,0.322
J7,1997-06-05,16.7,7.4,24.01,7.56,3.5,15.9,0.232,1.23,2.16,0.286
J7,1997-06-12,20.73,7.88,25.13,7.55,5.5,93.1,0.333,1.47,2.32,0.32
J7,1997-06-23,23.11,10.72,25.34,8.13,1.5,48.0,0.378,1.6,2.21,0.285
J7,1997-06-30,24.81,16.05,25.73,8.66,1.5,89.0,0.391,0.55,2.12,0.217
J7,1997-07-10,24.7,4.18,26.17,7.44,5.0,26.5,0.448,0.908,1.71,0.203
J7,1997-07-21,25.7,9.85,25.22,7.96,2.0,74.8,0.528,0.286,2.77,0.172
J7,1997-07-28,24.13,7.56,24.98,7.58,3.0,45.8,0.407,1.43,2.19,0.193
J7,1997-08-04,25.51,8.37,24.72,7.74,4.0,32.6,0.404,1.29,2.26,0.21
J7,1997-08-12,24.53,7.13,22.91,7.72,4.0,27.0,0.564,1.7,3.21,0.219
J7,1997-08-25,23.73,6.79,24.14,7.64,3.0,53.7,0.473,1.82,2.16,0.223
J7,1997-09-04,23.13,8.53,25.5,7.88,2.0,104.3,0.46,1.26,2.84,0.217
J7,1997-09-16,22.36,8.41,25.84,7.95,2.0,60.0,0.547,0.668,2.95,0.245
J7,1998-06-03,20.45,10.34,24.14,,2.5,38.0,0.185,0.776,2.06,0.328
J7,1998-06-11,18.98,12.15,24.68,8.31,2.0,51.8,0.226,0.722,2.75,0.311
J7,1998-06-18,20.59,5.16,24.46,7.38,5.0,14.3,0.283,1.57,3.41,0.301
J7,1998-06-25,23.59,9.15,24.32,7.86,4.0,63.3,0.299,1.01,3.11,0.325
J7,1998-07-13,23.46,7.73,24.89,8.0,4.5,50.8,0.225,0.626,2.06,0.281
J7,1998-07-20,24.86,7.84,25.08,8.11,3.5,68.9,0.436,1.59,4.45,0.279
J7,1998-07-27,,10.25,,8.45,5.5,67.1,0.294,0.295,2.03,0.281
J7,1998-08-06,,12.54,,8.79,2.5,74.8,0.331,0.371,2.13,0.212
J7,1998-08-20,24.9,2.76,23.9,,5.0,,,,,
J7,1998-09-01,26.2,7.81,26.7,,4.0,,,,,
J7,1998-09-16,22.83,9.78,25.67,7.94,3.5,26.8,0.283,0.873,3.2,0.269
J7,1999-06-09,24.08,7.7,25.4,7.81,2.5,16.6,1.62,3.08,7.85,0.19
J7,1999-06-15,22.59,6.69,26.36,7.37,3.5,14.3,1.01,5.6,11.8,0.125
J7,1999-06-21,21.49,5.58,23.16,7.64,4.0,32.4,0.397,1.1,3.58,0.2
J7,1999-07-07,,6.25,,7.49,5.0,42.7,0.379,0.652,2.15,0.195
J7,1999-07-15,24.03,9.27,27.16,8.2,2.5,44.1,0.344,0.35,1.83,0.193
J7,1999-07-22,25.59,6.61,25.94,7.55,2.0,71.8,0.622,1.81,4.61,0.148
J7,1999-08-04,27.84,8.47,26.94,7.38,2.0,65.1,0.424,1.07,3.41,0.082
J7,1999-08-19,25.58,5.99,27.08,7.2,4.5,30.7,0.448,2.0,2.65,0.224
J7,1999-09-08,24.46,6.32,26.62,7.14,4.0,23.6,0.41,2.15,2.89,0.413
J7,1999-09-28,20.66,9.56,25.04,7.35,3.5,49.2,0.35,1.32,2.52,0.603
J7,2000-06-29,,9.62,,7.82,3.5,65.76,0.373,0.665,1.74,0.302
J7,2000-07-13,,11.61,,7.64,3.0,43.452,0.388,2.56,2.62,0.129
J7,2000-07-26,22.7358,6.48,21.1095,7.45,1.5,60.492,0.37,0.609,1.93,0.083
J7,2000-08-10,26.3667,10.85,22.3905,7.65,2.5,55.64,0.512,1.64,3.87,0.168
J7,2000-08-22,23.0284,10.42,25.0043,7.61,6.5,52.57,0.371,1.06,2.23,0.22
J7,2000-08-29,23.9216,9.88,24.9515,7.74,3.0,65.6,0.331,0.766,1.965,0.274
J7,2000-09-06,23.2811,8.31,25.137,7.65,4.5,38.08,0.344,0.81,1.977,0.21
J7,2000-09-21,,5.07,,7.17,8.0,9.14,0.344,0.509,1.737,0.19
J7,2001-06-11,,13.9,,8.43,3.0,122.0,0.403,1.42,4.46,0.47
J7,2001-06-19,,11.3,,8.24,3.5,98.7,0.552,2.13,4.72,0.481
J7,2001-07-16,24.7694,9.0,23.9007,7.91,2.5,95.5,0.26,1.701,1.257,0.277
J7,2001-07-23,25.0824,8.7,25.9019,8.07,4.0,39.48,0.558,1.58,3.58,0.316
J7,2001-07-30,,12.9,,8.34,1.5,165.0,0.328,1.04,3.29,0.241
J7,2001-08-07,26.3671,9.6,26.8219,8.19,3.0,117.0,0.397,0.539,2.42,0.196
J7,2001-08-14,,0.7,,7.5,2.9,9.8,0.434,1.14,2.34,0.014
J7,2001-09-17,,5.8,,7.92,4.0,19.38,0.415,1.2,2.4,0.29
J7,2001-09-26,21.5335,4.9,22.8824,7.62,3.5,15.8,0.354,1.05,2.23,0.288
J7,2002-06-04,,11.21,,8.08,4.0,64.3,0.224,0.799,2.18,0.418
J7,2002-06-11,,14.1,,8.51,2.0,112.4,0.63,1.26,4.22,0.836
J7,2002-06-17,,8.87,,8.28,3.0,68.16,0.456,0.614,2.17,0.253
J7,2002-06-25,,8.94,,8.01,3.5,58.56,0.62,1.11,3.09,0.635
J7,2002-07-02,,10.88,,8.33,3.0,49.98,0.424,0.226,1.72,0.289
J7,2002-07-09,,15.16,,8.41,2.0,151.04,0.563,1.34,3.82,0.429
J7,2002-07-16,24.28,3.8,29.54,7.82,5.5,14.6,0.373,0.575,1.75,0.156
J7,2002-07-23,26.88,8.82,29.59,8.26,3.0,67.34,0.358,0.254,1.48,0.16
J7,2002-07-30,25.32,3.07,30.15,7.55,5.0,10.6,0.434,0.99,1.97,0.108
J7,2002-08-06,26.58,4.0,29.37,7.66,2.5,44.1,0.562,1.26,2.39,0.059
J7,2002-08-20,27.33,5.46,29.06,7.63,2.0,57.0,0.474,1.15,3.04,0.21
J7,2002-08-27,25.45,4.32,29.38,7.49,3.5,22.3,0.476,0.558,2.85,0.209
J7,2002-09-10,24.64,10.79,26.63,8.01,2.0,59.3,0.431,1.25,2.78,0.404
J7,2002-09-17,23.22,5.57,27.63,,3.0,14.24,0.386,1.15,2.17,0.288
J7,2002-09-24,23.12,7.05,28.85,7.85,2.5,36.84,0.383,1.1,2.48,0.289
J7,2003-06-03,,14.44,,8.15,2.5,13.31,0.32,1.33,4.34,0.36
J7,2003-06-11,19.23,13.96,24.62,8.39,2.5,90.4,0.34,1.14,4.45,0.59
J7,2003-06-17,20.8,15.09,23.66,8.38,2.0,69.92,0.35,1.23,3.07,0.33
J7,2003-07-01,23.02,17.68,25.81,8.64,3.0,107.6,0.343,0.742,2.39,0.202
J7,2003-07-08,25.26,6.93,27.56,8.15,3.5,23.32,0.342,0.559,1.7,0.129
J7,2003-07-15,,19.13,,8.57,2.0,139.8,0.452,0.6,3.03,0.216
J7,2003-07-22,,7.1,,7.9,2.5,64.16,0.426,0.609,2.45,0.204
J7,2003-07-29,,12.6,,8.47,2.0,109.0,0.486,0.724,2.03,0.199
J7,2003-08-12,,9.5,,7.69,2.5,114.6,0.49,1.17,4.23,0.22
J7,2003-08-20,,10.51,,8.17,2.5,98.5,0.36,0.32,2.27,0.18
J7,2003-08-26,,11.44,,8.26,1.5,75.28,0.4,0.67,2.25,0.17
J7,2003-09-02,,3.75,,7.3,4.0,13.92,0.323,1.14,2.16,0.178
J7,2003-09-09,,6.37,,7.53,4.0,27.4,0.389,1.54,3.4,0.252
J7,2003-09-16,,4.85,,7.45,4.0,9.54,0.34,1.19,2.36,0.288
J7,2003-09-23,,6.34,,7.64,1.5,17.72,0.328,1.32,5.53,0.353
J7,2003-09-30,,5.9,,7.25,3.5,15.56,0.33,1.4,4.25,0.391
J7,2004-06-01,19.37,8.17,23.19,7.99,4.5,27.0,0.334,1.01,2.78,0.543
J7,2004-06-08,20.48,10.53,24.15,7.78,3.5,39.0,0.282,0.579,1.62,0.457
J7,2004-06-15,23.25,17.99,22.99,8.79,2.0,155.1,0.355,0.413,2.15,0.506
J7,2004-06-22,22.36,4.98,22.05,8.01,4.5,29.1,0.38,0.514,2.12,0.199
J7,2004-06-29,23.59,7.73,23.24,8.42,2.5,55.0,0.406,0.436,1.55,0.187
J7,2004-07-07,24.8,9.18,23.02,8.43,3.0,48.5,0.357,0.44,1.66,0.206
J7,2004-07-13,23.34,4.09,23.42,7.71,3.5,18.8,0.345,0.518,1.37,0.18
J7,2004-07-20,25.0,9.81,24.38,8.43,2.5,55.0,0.384,0.568,1.94,0.203
J7,2004-07-27,23.83,5.65,23.92,7.65,3.5,50.0,0.408,0.818,2.08,0.245
J7,2004-08-10,24.66,12.16,22.15,8.3,2.5,85.1,0.432,0.753,2.37,0.324
J7,2004-08-17,25.18,4.26,20.9,7.48,2.5,47.8,0.374,0.734,2.23,0.257
J7,2004-08-24,25.06,6.07,22.65,8.05,3.0,49.1,0.322,0.53,1.95,0.29
J7,2004-08-31,25.45,5.8,22.94,8.08,3.0,48.8,0.372,0.534,2.02,0.331
J7,2004-09-14,23.32,4.0,22.27,7.45,6.0,14.3,0.337,1.06,2.35,0.476
J7,2004-09-21,21.81,5.67,21.93,7.63,4.0,12.4,0.293,0.973,1.81,0.368
J7,2004-09-28,21.69,5.74,22.57,7.54,4.0,14.8,0.985,2.06,4.56,0.606
J7,2005-06-01,18.07,7.79,23.62,7.86,5.0,28.88,0.25,1.1,1.86,0.274
J7,2005-06-07,22.23,15.42,22.93,8.28,2.5,75.7,0.442,0.872,2.34,0.301
J7,2005-06-14,24.5,10.1,24.07,8.28,2.0,127.6,0.322,0.402,1.87,0.224
J7,2005-06-21,22.53,11.27,23.2,8.46,3.0,110.4,0.357,0.563,2.08,0.223
J7,2005-06-28,23.58,4.44,25.1,7.82,4.0,16.53,0.31,0.662,1.6,0.138
J7,2005-07-06,24.54,4.48,24.8,7.72,4.0,15.64,0.376,0.968,2.08,0.347
J7,2005-07-12,24.82,9.3,24.0,7.82,4.0,40.4,0.371,0.804,1.75,0.305
J7,2005-07-21,27.83,5.41,24.07,7.61,2.5,69.12,0.38,0.512,2.0,0.218
J7,2005-07-27,28.03,10.41,24.74,8.11,2.0,166.4,0.376,0.338,2.14,0.19
J7,2005-08-03,28.68,4.53,24.44,7.88,2.5,56.72,0.316,0.442,1.66,0.111
J7,2005-08-16,27.19,2.57,24.84,7.45,3.5,36.16,0.399,0.87,2.19,0.157
J7,2005-08-23,25.73,4.86,26.01,7.44,3.5,35.82,0.367,1.07,2.09,0.156
J7,2005-08-30,26.38,9.3,24.7,7.94,2.5,81.1,0.398,0.865,2.74,0.49
J7,2005-09-07,24.87,9.04,26.21,7.94,2.0,53.12,0.374,0.596,1.93,0.382
J7,2005-09-13,24.65,6.4,26.28,7.71,2.0,52.52,0.296,0.643,1.76,0.342
J7,2005-09-20,24.74,4.74,25.9,7.41,4.5,17.48,0.364,1.11,1.86,0.492
J7,2005-09-27,21.98,5.77,26.12,7.52,3.0,19.95,0.315,0.946,1.64,0.414
J7,2006-06-06,20.41,9.59,25.04,8.33,2.5,110.03,0.29,0.283,2.05,0.135
J7,2006-06-20,22.35,6.99,25.17,7.82,3.5,48.04,0.318,0.535,1.46,0.287
J7,2006-06-27,22.92,8.07,23.9,7.72,4.0,72.0,0.352,0.696,1.92,0.419
J7,2006-07-06,24.56,1.88,23.54,7.71,4.0,18.25,0.346,0.602,2.0,0.232
J7,2006-07-18,26.0,6.69,25.14,7.87,3.0,53.23,0.32,0.402,1.93,0.236
J7,2006-07-25,26.06,7.74,23.33,7.94,2.5,90.07,0.4,0.698,2.3,0.376
J7,2006-08-01,28.32,8.95,24.97,8.59,3.0,72.84,0.358,0.399,2.21,0.234
J7,2006-08-09,26.53,6.05,24.51,7.79,3.5,55.7,0.403,0.703,2.01,0.309
J7,2006-08-22,25.72,2.97,25.73,7.63,5.5,21.72,0.341,0.957,1.9,0.461
J7,2006-08-29,22.95,4.3,24.92,7.39,5.5,13.59,0.358,1.189,3.54,0.498
J7,2006-09-06,20.85,7.35,25.75,7.51,6.0,14.24,0.32,1.32,1.51,0.542
J7,2006-09-12,21.33,6.6,25.92,7.66,4.5,17.68,0.272,1.15,3.23,0.466
J7,2006-09-19,22.38,8.92,23.72,7.75,3.0,42.27,0.413,1.74,2.16,0.78
J7,2006-09-26,20.21,6.63,24.9,7.57,3.0,21.614,0.312,1.27,2.74,0.6
J7,2007-06-05,22.12,7.05,22.82,8.16,3.5,36.5,0.314,0.722,3.16,0.462
J7,2007-06-12,22.5,4.96,23.85,7.62,5.0,22.3,0.308,0.591,2.08,0.326
J7,2007-06-19,23.4,11.7,24.2,8.19,3.0,81.2,0.412,0.924,2.15,0.573
J7,2007-06-26,24.18,8.37,24.13,8.04,3.5,55.8,0.38,0.844,2.17,0.411
J7,2007-07-10,25.52,5.3,23.51,8.32,2.0,140.8,0.423,0.358,3.34,0.45
J7,2007-07-17,25.84,8.95,25.29,8.17,2.5,60.0,0.354,0.4,1.77,0.228
J7,2007-07-25,25.3,7.83,23.56,7.9,3.0,47.7,0.336,0.66,1.88,0.234
J7,2007-07-31,26.22,4.58,25.14,7.59,5.0,5.1,0.301,0.763,1.9,0.206
J7,2007-08-08,27.2,,23.3,7.39,2.5,19.9,0.296,0.762,1.68,0.247
J7,2007-08-14,25.5,5.28,24.91,7.5,3.0,24.0,0.336,0.932,2.29,0.197
J7,2007-08-22,21.55,3.6,24.79,7.32,5.0,3.3,0.328,1.22,2.06,0.266
J7,2007-08-28,24.09,,25.05,7.5,3.5,6.4,0.342,1.16,2.14,0.334
J7,2007-09-05,23.49,4.55,26.1,7.43,4.0,3.1,0.296,1.05,2.11,0.432
J7,2007-09-11,24.74,5.45,25.59,7.47,5.0,9.1,0.346,1.24,2.26,0.43
J7,2007-09-19,,9.19,,7.64,4.0,18.5,0.444,1.86,3.52,0.49
J7,2007-09-25,,9.19,,7.87,4.0,6.6,0.462,2.12,3.55,0.583
J7,2008-06-03,20.32,8.7,23.09,8.1,4.0,18.2,0.308,0.85,1.39,0.807
J7,2008-06-10,24.23,12.77,25.16,8.02,2.0,56.6,0.331,0.537,1.94,0.462
J7,2008-06-18,23.01,11.15,24.96,8.21,2.0,76.6,0.391,0.411,1.69,0.416
J7,2008-06-24,23.93,8.31,25.9,8.04,4.0,30.5,0.356,0.398,1.81,0.29
J7,2008-07-01,25.87,12.83,24.41,8.21,2.5,69.1,0.526,0.75,3.2,0.709
J7,2008-07-08,25.74,6.84,25.83,7.95,4.0,32.6,0.453,0.848,2.94,0.276
J7,2008-07-15,26.58,12.4,25.89,8.34,2.5,92.768,0.463,0.304,3.01,0.287
J7,2008-07-22,27.6,10.41,25.53,8.17,3.0,141.024,0.598,0.734,4.49,0.254
J7,2008-07-29,26.25,3.14,25.98,7.75,2.5,15.586,0.48,0.782,3.14,0.157
J7,2008-08-05,25.96,9.52,25.88,8.0,2.5,70.7,0.482,0.82,7.04,0.207
J7,2008-08-12,24.97,2.97,26.19,7.45,3.0,29.275,0.452,0.735,4.03,0.136
J7,2008-08-19,25.56,3.84,25.52,7.62,4.0,17.722,0.439,0.936,3.91,0.239
J7,2008-08-26,23.92,4.09,26.26,7.46,3.0,18.14,0.376,0.856,1.9,0.281
J7,2008-09-03,25.03,8.14,25.21,7.76,3.0,45.402,0.405,1.1,3.28,0.278
J7,2008-09-10,24.56,4.2,24.29,7.57,3.5,27.27,0.388,1.0,2.11,0.156
J7,2008-09-16,23.27,4.52,24.4,7.38,3.0,16.16,0.43,1.29,2.73,0.249
J7,2008-09-23,,8.22,,7.51,3.5,14.435,0.316,1.06,1.91,0.356
J7,2009-06-02,19.48,7.09,24.72,7.79,4.5,16.5,0.286,1.15,2.4,0.485
J7,2009-06-09,20.15,8.52,22.18,7.7,3.0,19.7,0.271,0.87,1.64,0.425
J7,2009-06-16,20.23,11.4,24.06,8.0,4.0,31.9,0.278,0.745,1.48,0.474
J7,2009-06-23,20.34,7.92,23.46,7.6,4.0,19.6,0.264,0.782,1.316,0.427
J7,2009-06-30,23.66,12.05,22.82,8.16,3.0,105.8,0.312,0.468,1.72,0.505
J7,2009-07-07,24.73,12.79,22.11,8.33,2.5,94.1,0.438,0.618,2.69,0.341
J7,2009-07-14,23.7,9.74,24.5,8.59,3.0,69.4,0.345,0.264,1.49,0.18
J7,2009-07-21,24.1,7.3,23.82,8.42,3.0,65.4,0.397,0.538,1.95,0.124
J7,2009-07-28,26.3,6.97,23.39,7.72,2.0,47.8,0.38,0.538,1.65,0.148
J7,2009-08-04,26.55,8.24,22.08,8.0,2.5,108.4,0.508,1.15,3.79,0.082
J7,2009-08-11,25.89,6.27,24.47,7.72,3.5,49.3,0.42,0.933,2.36,0.16
J7,2009-08-18,27.21,7.92,23.35,7.98,1.5,106.4,0.426,0.9,3.45,0.174
J7,2009-08-27,26.39,5.0,24.72,7.62,3.0,59.1,0.349,0.828,4.49,0.125
J7,2009-09-02,24.64,5.3,24.02,7.52,2.5,42.8,0.48,1.77,3.2,0.093
J7,2009-09-09,23.1,3.53,25.43,7.26,4.0,14.8,0.414,1.4,3.07,0.246
J7,2009-09-15,21.69,6.42,25.77,7.3,2.5,14.3,0.344,1.3,2.12,0.292
J7,2009-09-22,21.48,7.66,25.72,7.58,2.0,34.5,0.336,1.53,4.98,0.321
J7,2009-09-29,19.91,6.17,26.03,7.51,4.5,13.1,0.294,1.26,4.26,0.374
J7,2010-06-02,23.17,10.6,24.58,8.21,1.5,71.4,0.343,0.608,1.691,0.362
J7,2010-06-08,22.67,6.38,26.22,8.08,4.0,16.1,0.383,0.662,1.523,0.204
J7,2010-06-15,22.48,10.48,25.81,8.22,2.0,74.4,0.45,0.698,1.301,0.224
J7,2010-06-22,24.7,5.28,25.54,7.81,5.0,19.2,0.443,0.598,1.904,0.234
J7,2010-06-29,26.57,6.2,26.32,8.02,2.0,57.1,0.429,0.49,1.692,0.17
J7,2010-07-07,26.45,4.48,26.79,7.87,3.5,6.7,0.448,0.635,1.6,0.108
J7,2010-07-20,27.78,5.81,26.6,7.7,2.5,50.3,0.471,0.666,2.169,0.182
J7,2010-07-27,27.41,4.79,25.73,7.46,3.5,22.6,0.504,1.15,2.549,0.15
J7,2010-08-03,25.79,8.02,26.4,7.99,2.5,105.2,0.39,0.689,1.86,0.214
J7,2010-08-10,27.26,5.67,25.92,7.69,3.5,52.0,0.435,0.932,2.386,0.234
J7,2010-08-24,24.1,3.44,27.11,7.36,4.5,10.1,0.366,0.91,1.398,0.384
J7,2010-08-31,24.55,5.33,26.73,7.75,2.0,35.9,0.354,0.538,2.25,0.542
J7,2010-09-08,23.95,6.0,26.53,7.78,2.0,32.8,0.362,0.739,2.34,0.485
J7,2010-09-14,20.74,7.6,27.52,7.61,4.0,23.8,0.308,0.446,1.65,0.419
J7,2010-09-21,20.98,6.58,25.68,7.58,2.5,15.6,0.358,1.23,3.16,0.512
J7,2010-09-29,21.82,6.44,26.51,7.65,4.5,14.4,0.26,0.552,0.941,0.383
J7,2011-06-01,23.59,16.9,22.0,8.52,1.5,200.3,0.532,0.82,3.314,1.08
J7,2011-06-07,21.86,14.81,23.75,8.63,2.5,110.4,0.254,0.057,1.554,0.168
J7,2011-06-14,21.71,5.37,24.01,7.88,4.5,24.5,0.36,0.902,1.642,0.341
J7,2011-06-21,24.19,10.9,23.62,8.1,2.0,101.4,0.94,0.557,2.83,0.408
J7,2011-06-27,25.21,14.87,23.85,8.28,1.5,141.0,0.514,0.364,2.19,0.356
J7,2011-07-06,26.11,15.09,24.28,8.21,2.5,115.0,0.461,0.607,2.02,0.386
J7,2011-07-13,26.47,4.78,25.67,7.94,3.0,11.4,0.392,0.475,1.84,0.137
J7,2011-07-19,27.16,7.69,25.24,8.1,1.5,69.0,0.404,0.515,2.03,0.22
J7,2011-08-03,27.26,6.91,25.35,7.8,3.5,57.4,2.07,1.08,0.493,0.2
J7,2011-08-11,27.11,7.64,26.16,7.88,2.5,40.8,1.15,0.475,0.37,0.218
J7,2011-08-17,25.24,4.65,23.57,7.61,2.5,33.8,1.88,0.757,0.362,0.316
J7,2011-08-24,25.08,4.46,22.2,7.46,3.0,23.3,1.66,1.03,0.406,0.375
J7,2011-09-01,24.65,5.61,20.47,7.4,3.0,16.0,0.368,1.23,2.1,0.463
J7,2011-09-08,23.19,4.83,19.25,7.23,4.0,25.2,0.305,1.03,1.74,0.437
J7,2011-09-14,24.37,6.29,18.85,7.39,3.5,25.2,0.39,1.09,2.1,0.555
J7,2011-09-21,20.84,6.13,20.54,7.4,4.5,25.2,0.38,1.22,2.35,0.617
J7,2011-09-28,22.04,7.27,21.73,7.49,4.0,25.2,0.287,0.768,1.134,0.621
J7,2012-06-06,20.87,7.39,24.67,7.72,3.0,21.0,0.379,0.977,2.568,0.322
J7,2012-06-13,21.43,5.43,25.25,7.56,4.0,16.2,0.292,0.476,0.994,0.254
J7,2012-06-20,24.07,10.94,23.6,8.01,2.0,10.4,0.365,1.03,2.3,0.268
J7,2012-06-27,23.67,5.51,24.87,7.71,4.0,1.1,0.434,0.5,1.6,0.206
J7,2012-07-05,26.49,6.08,25.43,7.79,2.0,1.4,0.318,0.362,0.921,0.198
J7,2012-07-11,27.3,11.15,24.42,8.21,1.5,39.5,0.437,0.795,2.522,0.166
J7,2012-07-18,27.7,5.9,24.03,7.87,2.0,26.4,0.504,0.955,2.181,0.257
J7,2012-07-24,26.03,7.05,25.69,7.75,2.0,40.8,0.449,0.596,1.891,0.156
J7,2012-07-31,25.71,8.8,25.72,8.1,2.5,52.6,0.389,0.591,10.0,0.164
J7,2012-08-08,27.85,7.46,26.09,7.94,2.0,36.3,0.42,0.68,1.77,0.137
J7,2012-08-15,27.67,2.97,24.65,7.6,2.0,23.2,0.514,1.45,2.526,0.118
J7,2012-08-22,26.07,8.99,25.85,7.98,2.0,63.2,0.379,0.885,1.74,0.118
J7,2012-08-29,25.59,3.11,26.61,7.42,3.0,8.0,0.374,1.14,1.96,0.138
J7,2012-09-06,25.0,2.84,26.33,7.32,5.5,9.0,0.363,1.36,2.0,0.174
J7,2012-09-12,24.54,5.68,26.32,7.47,2.5,32.64,0.281,1.42,2.08,0.192
J7,2012-09-19,22.28,6.02,26.29,7.59,2.5,18.28,0.281,1.14,2.08,0.271
J7,2012-09-26,20.55,6.75,25.34,7.48,3.0,16.9,0.346,1.65,2.33,0.29
J7,2013-06-05,20.68,13.27,25.38,8.34,1.5,60.48,0.39,1.2,3.01,0.24
J7,2013-06-13,,,,,,,,,,
J7,2013-06-19,22.47,7.95,23.12,7.89,2.5,33.3,0.34,1.08,2.04,0.27
J7,2013-06-26,24.55,5.61,23.92,7.85,3.0,8.4,0.3,1.06,2.32,0.24
J7,2013-07-02,24.61,3.92,23.57,7.43,2.5,7.91,0.5,1.49,2.92,0.19
J7,2013-07-09,27.8,11.71,23.87,8.41,2.0,74.2,0.46,0.73,2.56,0.17
J7,2013-07-17,26.76,6.57,26.07,7.86,2.0,41.8,0.37,0.51,2.39,0.09
J7,2013-07-24,27.78,3.6,26.21,7.64,3.0,19.1,0.36,0.72,1.53,0.09
J7,2013-07-31,25.5,6.23,26.3,7.71,2.0,30.3,0.36,0.79,1.9,0.16
J7,2013-08-07,24.53,9.67,25.32,8.17,2.0,81.0,0.36,0.71,2.11,0.28
J7,2013-08-14,24.07,4.15,26.36,7.59,2.5,19.9,0.35,0.76,1.74,0.23
J7,2013-08-21,25.81,9.71,24.95,7.99,1.5,66.6,0.32,0.73,1.92,0.23
J7,2013-08-28,24.42,5.58,26.01,7.6,2.5,31.7,0.27,0.91,1.33,0.22
J7,2013-09-05,24.57,3.7,26.01,7.4,3.0,12.5,0.38,1.25,2.24,0.19
J7,2013-09-11,24.03,8.16,26.44,7.86,2.0,40.9,0.36,1.27,2.65,0.25
J7,2013-09-18,21.16,7.12,25.9,7.66,2.0,23.7,0.36,1.61,3.11,0.24
J7,2014-06-03,21.63,16.2,23.54,8.4,1.5,77.4,0.421,0.72,2.214,0.268
J7,2014-06-17,23.33,11.68,23.62,8.09,2.0,68.6,0.36,0.666,1.725,0.273
J7,2014-06-24,23.98,13.17,23.99,8.39,2.5,61.4,0.362,0.588,1.222,0.274
J7,2014-07-01,25.52,6.09,25.02,8.01,3.0,22.9,0.252,0.348,0.666,0.139
J7,2014-07-09,25.97,5.05,22.81,7.71,2.0,31.4,0.433,0.868,1.11,0.17
J7,2014-07-16,24.79,4.27,24.34,7.56,3.5,15.1,0.335,0.4,1.58,0.167
J7,2014-07-22,25.71,8.52,25.11,7.85,3.0,28.0,0.442,0.501,2.38,0.194
J7,2014-07-29,25.28,6.9,25.19,7.88,3.0,36.6,0.382,0.658,1.82,0.111
J7,2014-08-05,25.38,8.74,25.96,8.07,1.5,90.8,0.472,0.423,1.532,0.124
J7,2014-08-19,24.0,7.74,25.73,7.79,4.0,46.5,0.347,0.802,1.477,0.138
J7,2014-08-26,24.78,7.32,25.61,7.98,2.5,22.6,0.387,0.695,1.71,0.105
J7,2014-09-03,25.62,5.59,25.99,7.96,3.5,38.8,0.392,0.459,1.18,0.134
J7,2014-09-09,24.26,5.94,24.76,7.83,3.0,43.2,0.359,0.74,1.79,0.149
J7,2014-09-16,21.17,2.9,26.56,7.33,6.0,3.94,0.345,0.681,1.17,0.104
J7,2014-09-23,21.2,7.46,25.11,7.68,3.0,29.6,0.357,0.901,1.671,0.231
J7,2014-09-30,20.35,4.41,26.61,7.38,5.0,13.9,0.377,0.929,1.286,0.268
J7,2015-06-02,19.52,6.49,26.3,8.1,3.5,47.6,0.298,0.29,0.902,0.135
J7,2015-06-11,22.02,13.81,26.45,8.42,1.0,69.1,0.269,0.079,1.086,0.018
J7,2015-06-18,22.5,8.03,26.04,7.96,2.5,42.0,0.305,0.25,1.22,0.146
J7,2015-06-25,24.72,7.94,26.13,7.89,3.0,39.6,0.32,0.3,0.779,0.094
J7,2015-06-30,23.35,7.08,24.37,7.88,3.0,45.4,0.437,0.301,1.591,0.186
J7,2015-07-09,24.69,5.28,26.32,7.7,5.5,14.5,0.359,0.404,1.017,0.128
J7,2015-07-23,25.64,7.11,26.14,7.82,3.5,41.4,0.474,0.436,1.381,0.113
J7,2015-07-28,26.75,9.79,24.81,8.24,2.0,62.1,0.392,0.276,1.241,0.134
J7,2015-08-06,26.61,6.64,24.34,7.81,3.0,20.0,0.187,0.426,0.67,0.089
J7,2015-08-12,25.52,3.32,26.97,7.45,3.0,15.2,0.361,0.296,0.649,0.08
J7,2015-08-20,27.27,8.68,26.3,8.04,2.5,90.6,0.334,0.077,0.95,0.192
J7,2015-08-25,27.41,6.66,26.14,7.88,2.5,23.6,0.327,0.123,0.852,0.108
J7,2015-09-03,27.06,4.38,27.09,7.47,2.5,12.3,0.377,0.338,1.08,0.191
J7,2015-09-09,26.53,7.53,25.45,7.8,2.0,42.7,0.403,0.228,1.35,0.37
J7,2015-09-17,24.88,4.21,25.95,7.48,2.5,23.4,0.368,0.626,1.22,0.277
J7,2015-09-24,22.54,4.85,26.8,7.4,3.0,16.4,0.334,0.337,1.147,0.334
J7,2016-06-02,,12.1,,8.57,1.5,177.0,0.38,0.11,1.38,0.18
J7,2016-06-15,,10.32,,7.98,3.0,25.3,0.33,0.39,1.12,0.15
J7,2016-06-22,23.5,6.28,26.79,8.16,4.0,17.4,0.26,0.13,0.57,0.09
J7,2016-06-29,24.56,5.94,26.39,7.89,4.0,18.8,0.44,0.21,0.93,0.14
J7,2016-07-07,26.53,7.95,26.49,8.2,2.5,40.2,0.41,0.07,0.89,0.07
J7,2016-07-13,25.8,9.38,25.54,8.15,1.5,106.0,0.41,0.37,0.87,0.06
J7,2016-07-20,26.58,7.77,25.77,7.94,2.0,51.5,0.43,0.23,1.0,0.2
J7,2016-08-03,26.12,7.79,25.33,7.76,3.0,48.9,0.33,0.25,0.82,0.27
J7,2016-08-09,26.76,7.15,26.7,8.0,2.0,30.9,0.3,0.16,0.79,0.14
J7,2016-08-16,29.18,7.64,25.1,7.96,1.0,102.0,0.54,0.39,1.7,0.13
J7,2016-08-23,27.18,4.36,26.73,7.56,3.0,15.2,0.41,0.47,1.08,0.14
J7,2016-08-30,26.14,8.92,27.35,7.94,2.0,39.5,0.34,0.15,1.08,0.22
J7,2016-09-08,25.05,7.63,26.99,7.64,2.0,33.8,0.34,0.46,1.17,0.23
J7,2016-09-14,24.98,6.15,25.54,7.79,3.0,30.1,0.3,0.36,1.03,0.27
J7,2016-09-21,23.96,4.96,27.42,7.67,3.5,15.8,0.3,0.45,0.96,0.28
J7,2016-09-28,21.85,6.54,27.2,7.75,4.0,16.4,0.34,0.33,0.84,0.32
J7,2017-06-07,18.22,6.18,24.61,7.75,4.0,10.3,0.223,0.77,0.879,0.31
J7,2017-06-14,23.51,11.42,22.93,8.22,1.0,132.0,0.245,0.168,1.092,0.114
J7,2017-06-21,23.73,6.3,24.53,8.11,4.0,20.9,0.318,0.363,0.884,0.115
J7,2017-06-28,23.65,9.04,25.18,8.37,3.0,31.2,0.277,0.201,0.677,0.063
J7,2017-07-12,25.37,5.83,26.01,7.84,5.0,4.1,0.378,0.261,0.678,0.094
J7,2017-07-19,27.52,12.33,25.6,8.48,1.5,77.7,0.327,0.053,0.853,0.018
J7,2017-07-26,25.47,6.1,25.51,7.92,3.0,23.0,0.416,0.216,0.675,0.124
J7,2017-08-02,26.31,12.59,25.29,8.34,1.0,149.0,0.462,0.041,1.34,0.039
J7,2017-08-09,24.96,3.62,25.1,7.55,4.0,14.1,0.341,0.494,0.893,0.096
J7,2017-08-23,26.09,5.28,25.84,7.64,2.5,41.0,0.325,0.281,0.825,0.194
J7,2017-09-06,22.0,5.6,25.75,7.85,4.5,11.9,0.277,0.455,0.573,0.252
J7,2017-09-13,21.65,8.99,26.44,8.06,3.0,47.8,0.267,0.125,0.858,0.209
J7,2017-09-21,22.31,,26.71,7.68,4.5,11.4,0.197,0.341,0.579,0.227
J7,2017-09-26,23.74,,26.12,8.03,2.0,59.9,0.186,0.211,0.708,0.252
J7,2018-06-06,19.68,8.06,24.37,7.77,3.5,23.1,0.271,0.249,0.872,0.215
J7,2018-06-13,20.79,11.47,22.97,8.23,3.0,38.4,0.292,0.514,1.129,0.075
J7,2018-06-20,23.19,9.51,25.42,8.15,3.0,42.7,0.262,0.154,0.67,0.057
J7,2018-07-02,27.06,10.2,24.69,8.22,2.0,58.1,0.416,0.169,0.863,0.059
J7,2018-07-10,26.79,6.65,24.69,8.1,2.5,31.7,0.487,0.17,0.959,0.135
J7,2018-07-18,26.25,5.11,26.4,7.43,3.5,19.3,0.412,0.285,0.792,0.102
J7,2018-07-31,27.07,7.65,24.66,7.98,2.0,66.3,0.802,0.19,1.147,0.136
J7,2018-08-08,29.06,11.58,23.54,8.43,1.0,91.0,0.504,0.024,1.55,0.027
J7,2018-09-05,,,,8.15,,68.4,0.293,0.051,0.691,0.185
J7,2018-09-19,24.6,5.46,25.09,7.56,4.0,14.8,0.35,0.6,1.252,0.253
J7,2019-06-04,,,,8.07,,39.4,0.301,0.47,1.03,0.221
J7,2019-06-18,,,,7.94,,16.1,0.323,0.566,0.801,0.224
J7,2019-07-08,25.0647,4.97,25.00995,7.74,3.5,18.0,0.345,0.421,0.712,0.131
J7,2019-07-15,26.8842,15.92,24.67325,8.65,1.5,111.0,0.5,0.057,1.45,0.019
J7,2019-07-22,29.38885,13.53,24.28885,8.68,1.5,47.1,0.398,0.128,1.13,0.019
J7,2019-07-29,28.00185,11.06,23.48945,8.41,2.0,125.0,0.341,0.054,1.12,0.019
J7,2019-08-06,26.6786,5.51,25.2933,7.79,2.0,54.3,0.389,0.232,0.986,0.104
J7,2019-08-12,26.13665,4.82,25.13705,7.64,4.5,4.05,0.342,0.272,0.84,0.17
J7,2019-08-19,27.51925,4.2,24.82395,8.07,2.5,17.0,0.381,0.232,1.191,0.221
J7,2019-08-29,,,,7.47,,19.2,0.299,0.471,0.792,0.208
J7,2019-09-04,24.74435,6.97,25.15025,7.8,3.0,30.2,0.243,0.422,0.698,0.284
J7,2019-09-09,22.9899,7.47,26.0455,7.83,3.0,30.2,0.26,0.483,1.491,0.245
J7,2019-09-16,23.6342,7.26,25.90885,7.87,4.0,21.1,0.278,0.456,2.992,0.319
J7,2019-09-23,23.2974,10.84,26.2771,8.18,2.5,65.7,0.365,0.634,1.131,0.32
J7,2019-09-30,22.04565,7.04,26.19465,7.88,4.0,31.4,0.3,0.403,1.019,0.361
J7,2020-06-01,19.57,8.76,25.98,8.25,3.5,9.12,0.237,0.162,0.65,0.09
J7,2020-06-15,22.33,12.8,25.65,8.43,2.0,59.3,0.305,0.045,1.273,0.028
J7,2020-06-29,25.79,4.42,26.58,7.96,3.0,20.3,0.424,0.201,0.889,0.058
J7,2020-07-13,26.63,6.26,25.97,7.85,3.0,20.8,0.4,0.156,1.053,0.102
J7,2020-07-27,27.98,4.11,25.93,7.67,3.0,15.1,0.432,0.275,0.959,0.097
J7,2020-08-10,27.98,9.01,26.05,8.19,2.0,76.5,0.428,0.045,1.135,0.019
J7,2020-08-19,25.19,4.76,25.54,7.6,3.0,12.8,0.37,0.552,0.953,0.102
J7,2020-08-24,26.22,5.11,26.71,7.66,1.5,23.4,0.394,0.499,1.338,0.133
J7,2020-08-31,24.81,5.77,25.79,7.73,2.5,18.8,0.367,0.476,0.935,0.173
J7,2020-09-24,18.82,6.67,27.51,7.72,4.0,10.7,0.255,0.319,0.786,0.215
J7,2020-09-28,20.81,9.16,26.36,7.98,4.0,23.7,0.307,0.506,0.828,0.396
J7,2021-06-09,,,,7.91,,116.0,0.323,0.078,1.01,0.028
J7,2021-07-13,,,,7.59,,28.0,0.446,0.206,0.805,0.101
J7,2021-07-21,26.74,5.89,25.13,7.93,3.5,28.0,0.45,0.388,0.92,0.044
J7,2021-07-26,26.5,7.05,25.65,7.99,2.5,43.4,0.337,0.182,0.679,0.091
J7,2021-08-02,24.82,7.36,26.19,8.1,3.0,59.3,0.332,0.1,0.674,0.056
J7,2021-08-09,24.32,5.03,25.72,7.75,2.0,9.2,0.278,0.35,0.913,0.13
J7,2021-08-25,26.62,4.31,23.47,7.52,4.0,4.9,0.337,0.432,1.057,0.182
J7,2021-08-30,26.09205,4.79,23.91195,7.52,4.0,6.0,0.325,0.476,0.968,0.196
J7,2021-09-09,23.83,7.51,22.5,7.77,3.0,27.9,0.322,0.508,1.144,0.249
J7,2021-09-13,23.4,6.26,24.1,7.64,4.0,7.6,0.276,0.537,0.925,0.261
J7,2021-09-21,23.68,10.73,24.71,8.09,3.0,41.8,0.227,0.307,0.71,0.267
J7,2021-09-27,22.46,7.65,25.17,8.0,3.0,37.1,0.25,0.301,0.745,0.237
J7,2022-06-06,22.9,18.32,25.92,8.54,2.0,59.4,0.32,0.172,1.342,0.019
J7,2022-06-13,23.49,10.04,23.43,8.33,3.5,45.7,0.44,0.157,1.425,0.117
J7,2022-06-21,21.37,6.97,26.28,7.78,4.0,15.1,0.272,0.466,1.009,0.144
J7,2022-06-28,24.31,7.56,25.78,7.69,4.0,12.4,0.382,0.373,1.296,0.102
J7,2022-07-11,25.48,10.74,25.33,8.03,2.5,30.8,0.398,0.057,1.062,0.117
J7,2022-07-19,26.57,4.82,27.44,7.66,2.5,23.04,0.469,0.263,0.763,0.125
J7,2022-07-26,27.55,6.16,26.38,8.2,2.0,95.0,0.498,0.183,1.15,0.076
J7,2022-08-01,26.17,4.5,26.58,7.64,3.0,39.9,0.439,0.326,0.975,0.122
J7,2022-08-08,28.56625,5.6,26.28,7.83,2.5,52.8,0.476,0.273,1.386,0.255
J7,2022-08-15,25.78,5.45,27.96,7.74,3.0,68.96,0.421,0.31,1.025,0.2
J7,2022-08-22,25.63,10.14,27.18,7.89,3.0,115.0,0.413,0.082,0.814,0.364
J7,2022-08-29,27.39,7.96,26.9,7.88,2.0,146.0,0.438,0.135,0.898,0.233
J7,2022-09-08,24.61,5.33,27.27,7.48,4.0,52.5,0.37,0.401,1.12,0.251
J7,2022-09-12,24.6,5.27,27.58,7.57,3.5,39.52,0.333,0.569,1.086,0.276
J7,2022-09-20,23.93,5.4,27.59,7.69,4.0,52.9,0.387,0.637,0.899,0.384
J7,2022-09-28,20.2,5.54,27.41,7.83,5.5,33.8,0.379,0.608,1.121,0.398
J7,2023-06-05,19.8959,7.32,26.0329,8.32,4.0,62.6,0.265,0.172,0.61,0.128
J7,2023-06-13,20.7694,5.87,26.4215,8.08,5.0,12.1,0.354,0.19,0.693,0.142
J7,2023-06-28,23.0238,14.49,26.6193,8.43,1.5,357.0,0.733,0.045,2.432,0.035
J7,2023-07-10,26.6478,3.93,26.3003,8.01,3.0,20.7,0.398,0.124,0.581,0.13
J7,2023-07-17,28.2374,4.32,25.8514,7.89,3.0,74.4,0.422,0.178,0.6967,0.107
J7,2023-07-24,,6.86,,8.04,1.5,176.0,0.657,0.134,1.964,0.128
J7,2023-07-31,27.4081,5.51,25.1259,8.15,3.5,63.8,0.35,0.217,0.722,0.079
J7,2023-08-14,25.6171,5.64,25.1908,8.19,2.0,308.0,0.285,0.153,0.987,0.091
J7,2023-08-21,25.8316,8.74,25.1927,8.21,3.0,250.0,0.322,0.178,0.739,0.186
J7,2023-08-28,24.1557,10.65,24.6749,8.13,4.0,366.0,0.266,0.168,0.738,0.207
J7,2023-09-05,24.8317,8.8,25.92,8.06,3.5,231.0,0.271,0.286,0.663,0.197
J7,2023-09-11,25.5903,7.15,25.2799,7.98,4.0,29.8,0.311,0.3,0.991,0.099
J7,2024-06-03,22.88555,8.54,23.1222,7.96,4.0,7.0,0.23,0.83,0.1,0.09
J7,2024-06-11,22.1099,8.26,24.4878,7.81,2.5,20.6,0.427,0.232,2.143,0.081
J7,2024-06-20,25.56,11.2,23.29605,8.54,1.0,85.6,0.322,0.064,0.721,0.086
J7,2024-06-25,25.0409,5.76,24.90065,8.07,4.0,15.0,0.23,0.18,1.1,0.09
J7,2024-07-02,24.3077,7.75,24.63855,7.92,1.5,52.5,0.21,0.14,0.14,0.11
J7,2024-07-17,27.48485,7.22,24.86145,8.04,1.0,50.0,0.494,0.158,1.428,0.044
J7,2024-07-23,27.08885,7.17,24.94635,8.05,2.0,56.9,0.39,0.257,1.05,0.049
J7,2024-07-29,25.71605,5.61,25.15615,7.76,2.0,34.1,0.392,0.487,0.981,0.143
J7,2024-08-06,28.13835,8.8,25.43265,8.08,1.5,145.0,0.413,0.172,0.944,0.113
J7,2024-08-13,25.24385,4.93,25.3759,7.54,2.5,49.0,0.424,0.828,1.257,0.149
J7,2024-08-20,25.32075,5.2,25.11185,7.71,3.5,32.5,0.461,0.71,1.388,0.224
J7,2024-08-27,24.81835,7.14,25.5333,7.98,2.0,54.6,0.382,0.425,0.927,0.351
J7,2024-09-04,23.9728,12.97,25.04705,8.41,2.0,45.0,0.343,0.081,1.173,0.706
J7,2024-09-10,22.11305,6.77,25.9113,8.05,3.0,,,,,
J7,2024-09-17,23.83815,12.18,25.34495,8.48,1.5,196.8,0.297,0.226,1.584,0.243
